{"attributes":[-2.59445190429688,-7.14725399017334,6.65612030029297,0,1,0,4.69556045532227,7.0727391242981,6.6561131477356,1,0.5,0,-2.59444046020508,7.0727424621582,6.65611267089844,1,1,0,4.69555282592773,-7.14725828170776,6.65612125396729,0,0.5,0,11.9855613708496,7.07273387908936,6.65611362457275,1,0,0,11.9855537414551,-7.14726257324219,6.65612173080444,0,0,0,-3.38088035583496,-7.17252683639526,5.49630975723267,0,1,0,4.26912498474121,6.59746742248535,5.49630212783813,1,0.5,0,-3.3808765411377,6.59747171401978,5.49630165100098,1,1,0,4.26911735534668,-7.17253112792969,5.49630975723267,0,0.5,0,11.9191188812256,6.59746313095093,5.49630260467529,1,0,0,11.9191188812256,-7.17253541946411,5.49631071090698,0,0,0,-2.65860939025879,-7.61232089996338,4.85941648483276,0,1,0,4.13639545440674,4.53767442703247,4.85941028594971,1,0.5,0,-2.65860652923584,4.53767824172974,4.85940980911255,1,1,0,4.13638877868652,-7.6123251914978,4.85941696166992,0,0.5,0,10.9313936233521,4.53766965866089,4.85941076278687,1,0,0,10.9313869476318,-7.61232900619507,4.85941743850708,0,0,0,-3.57876777648926,-7.03225946426392,2.26555728912354,0,1,0,4.75839042663574,6.6738338470459,2.26555013656616,1,0.5,0,-3.57876014709473,6.67383861541748,2.26554942131042,1,1,0,4.75838279724121,-7.0322642326355,2.26555776596069,0,0.5,0,13.0955410003662,6.67383050918579,2.26555061340332,1,0,0,13.0955333709717,-7.03226852416992,2.26555824279785,0,0,0],"meshes":[{"texture":0,"indices":[0,1,2,1,0,3,3,4,1,4,3,5]},{"texture":1,"indices":[6,7,8,7,6,9,9,10,7,10,9,11]},{"texture":2,"indices":[12,13,14,13,12,15,15,16,13,16,15,17]},{"texture":3,"indices":[18,19,20,19,18,21,21,22,19,22,21,23]}]}